firstname,lastname
Julia,ANDERSSON
Emma,JOHANSSON
Hanna,KARLSSON
Elin,NILSSON
Wilma,ERIKSSON
Ida,LARSSON
Amanda,OLSSON
Linnéa,PERSSON
Matilda,SVENSSON
Maja,GUSTAFSSON
Klara,PETTERSSON
Moa,JONSSON
Sara,JANSSON
Felicia,HANSSON
Ebba,BENGTSSON
Emilia,JÖNSSON
Alva,LINDBERG
Johanna,JAKOBSSON
Sofia,MAGNUSSON
Emelie,LINDSTRÖM
Josefine,OLOFSSON
Alice,LINDQVIST
Tilda,LINDGREN
Anna,BERG
Ellen,AXELSSON
Isabelle,BERGSTRÖM
Rebecca,LUNDBERG
Lovisa,LIND
Tilde,LUNDGREN
Lisa,LUNDQVIST
Linn,MATTSSON
Frida,BERGLUND
Olivia,FREDRIKSSON
Agnes,SANDBERG
Nathalie,HENRIKSSON
Ella,ALI
Jennifer,FORSBERG
Kajsa,MOHAMED
Filippa,SJÖBERG
Elsa,WALLIN
Alma,ENGSTRÖM
Fanny,EKLUND
Saga,DANIELSSON
Sandra,LUNDIN
Alexandra,HÅKANSSON
Lina,BJÖRK
Isabella,BERGMAN
Nora,GUNNARSSON
Victoria,WIKSTRÖM
Louise,HOLM